<?xml version="1.0" encoding="UTF-8"?>
<project-private xmlns="http://www.netbeans.org/ns/project-private/1">
    <editor-bookmarks xmlns="http://www.netbeans.org/ns/editor-bookmarks/2" lastBookmarkId="0"/>
    <open-files xmlns="http://www.netbeans.org/ns/projectui-open-files/2">
        <group>
            <file>file:/C:/DATA/EDUCATION/ESME/Carte%20ESME%20PIC16F18877/TEST_LCD/PICDEM2PLUS_18875_PARTIAL3.X/main.c</file>
            <file>file:/C:/DATA/EDUCATION/ESME/Carte%20ESME%20PIC16F18877/TEST_LCD/PICDEM2PLUS_18875_PARTIAL3.X/LCD_lib_busy.c</file>
            <file>file:/C:/DATA/EDUCATION/ESME/Carte%20ESME%20PIC16F18877/TEST_LCD/PICDEM2PLUS_18875_PARTIAL3.X/LCD_config.h</file>
            <file>file:/C:/DATA/EDUCATION/ESME/Carte%20ESME%20PIC16F18877/TEST_LCD/PICDEM2PLUS_18875_PARTIAL3.X/LCD_lib_busy.h</file>
        </group>
    </open-files>
</project-private>
